option_1,option_2,c_p_s+k,mid_call,mid_put,K,spot,days,iv_call,iv_put
AAPL230616P00190000,AAPL230616C00190000,186.06912646935356,0.39,29.6,190.0,160.89,70,0.2229722569218744,0.34702481601662327
AAPL230519P00190000,AAPL230519C00190000,151.8381189249233,0.105,29.675,190.0,160.89,42,0.2315688603023033,0.41107198415812346
AAPL230512P00190000,AAPL230512C00190000,139.7394633106078,0.075,29.700000000000003,190.0,160.89,35,0.24239569026808264,0.4396341678278898
AAPL230505P00182500,AAPL230505C00182500,117.3366098349998,0.145,22.25,182.5,160.89,28,0.23858242064616836,0.3943751172360001
AAPL230519P00180000,AAPL230519C00180000,112.26769161308532,0.52,19.75,180.0,160.89,42,0.2292893899198131,0.3158239580171194
AAPL230526P00165000,AAPL230526C00165000,98.68087178706695,4.699999999999999,8.725000000000001,165.0,160.89,49,0.25752018972575824,0.2944755342887561
AAPL230512P00175000,AAPL230512C00175000,95.27318989134699,0.9,15.15,175.0,160.89,35,0.2387918585464545,0.3041511978015831
AAPL230512P00172500,AAPL230512C00172500,91.61214432147116,1.35,13.075,172.5,160.89,35,0.2432532382083377,0.29773523715816863
