option_1,option_2,c_p_s+k,mid_call,mid_put,K,spot,days,iv_call,iv_put
AMGN230616P00265000,AMGN230616C00265000,254.0700974441025,3.725,17.1,265.0,251.71,70,0.18868237793716838,0.21555653543309458
AMGN230616P00285000,AMGN230616C00285000,253.60368970403613,0.59,33.775000000000006,285.0,251.71,70,0.18022448197095353,0.2340466293126264
AMGN230616P00270000,AMGN230616C00270000,253.20349550908432,2.555,20.875,270.0,251.71,70,0.1881177021978305,0.21827378266629358
AMGN230616P00280000,AMGN230616C00280000,250.47029163904853,0.9,29.1,280.0,251.71,70,0.17734389476760565,0.22101211715672078
AMGN230616P00290000,AMGN230616C00290000,228.23708776901697,0.84,38.724999999999994,290.0,251.71,70,0.2163332359300981,0.2566921768572824
AMGN230616P00275000,AMGN230616C00275000,202.33689357406598,1.635,24.4,275.0,251.71,70,0.18515109311853342,0.2040095066754379
AMGN230519P00265000,AMGN230519C00265000,192.11632376370886,2.24,15.975,265.0,251.71,42,0.19366578435886436,0.2306078821711687
AMGN230616P00260000,AMGN230616C00260000,189.43669937912037,5.6,13.375,260.0,251.71,70,0.19710292853214034,0.2065477404517789
