option_1,option_2,c_p_s+k,mid_call,mid_put,K,spot,days,iv_call,iv_put
BLK230616P00780000,BLK230616C00780000,717.3100981373494,1.475,128.8,780,652.62,70,0.23794501781922922,0.3150481205784966
BLK230616P00770000,BLK230616C00770000,713.0433020073838,2.025,119.4,770,652.62,70,0.23967668266273792,0.30717069159177335
BLK230616P00760000,BLK230616C00760000,678.7765058774198,2.7750000000000004,109.9,760,652.62,70,0.24218623189033944,0.2964224261468294
BLK230616P00740000,BLK230616C00740000,667.7429136174921,5.0,92.2,740,652.62,70,0.24797810257935876,0.289025472655671
BLK230616P00750000,BLK230616C00750000,662.0097097474556,3.7,100.75,750,652.62,70,0.24402459778974717,0.28964722667153625
BLK230616P00690000,BLK230616C00690000,631.4089329676606,17.0,54.3,690,652.62,70,0.26778280666662513,0.2916451355302568
BLK230616P00720000,BLK230616C00720000,629.2093213575527,8.600000000000001,75.6,720,652.62,70,0.25595967304251604,0.28500216229526326
BLK230616P00700000,BLK230616C00700000,610.6757290976248,13.8,60.8,700,652.62,70,0.2642472095284319,0.2873667746865184
BLK230616P00730000,BLK230616C00730000,608.4761174875282,6.6,83.3,730,652.62,70,0.2516870544997521,0.28128057032314846
