option_1,option_2,c_p_s+k,mid_call,mid_put,K,spot,days,iv_call,iv_put
CVX230616P00195000,CVX230616C00195000,250.7025245343378,0.615,26.95,195.0,169.365,70,0.22072970484551213,0.31014845239238586
CVX230616P00200000,CVX230616C00200000,247.3359225993228,0.345,31.6,200.0,169.365,70,0.22127589999269554,0.32826067853240376
CVX230616P00190000,CVX230616C00190000,242.5691264693558,1.125,22.425,190.0,169.365,70,0.2242400000752021,0.2928726953582282
CVX230616P00185000,CVX230616C00185000,230.93572840437383,1.945,18.175,185.0,169.365,70,0.22842004735236504,0.2804709237829416
CVX230616P00180000,CVX230616C00180000,210.80233033938907,3.2249999999999996,14.3,180.0,169.365,70,0.23520304713143375,0.27269346960934415
CVX230616P00175000,CVX230616C00175000,203.66893227440704,4.975,11.025,175.0,169.365,70,0.24144493763932626,0.2733682836383551
