option_1,option_2,c_p_s+k,mid_call,mid_put,K,spot,days,iv_call,iv_put
DOW230616P00065000,DOW230616C00065000,78.23417484478003,0.175,9.975,65.0,55.38,70,0.23968288149212577,0.29637053671303987
DOW230616P00062500,DOW230616C00062500,69.41747581228847,0.39,7.625,62.5,55.38,70,0.24124724809054618,0.26685867117050155
DOW230616P00060000,DOW230616C00060000,68.10077677979666,0.855,5.6,60.0,55.38,70,0.25069201991584805,0.26761312104549695
DOW230616P00057500,DOW230616C00057500,59.28407774730506,1.67,3.85,57.5,55.38,70,0.26453931428434035,0.2692610574185962
DOW230519P00060000,DOW230519C00060000,9.922563871028878,0.49,4.875,60.0,55.38,42,0.257153279235815,0.2074792486536957
DOW230421P00048000,DOW230421C00048000,9.070715743493896,7.6,0.04,48.0,55.38,14,0.547826439675063,0.3771272788926009
DOW230421P00047500,DOW230421C00047500,7.163729121165829,8.075,0.035,47.5,55.38,14,0.562969606946478,0.39189252496821386
DOW230421P00048500,DOW230421C00048500,5.97770236582198,7.075,0.045,48.5,55.38,14,0.5023447122241185,0.36109373828394353
DOW230428P00060000,DOW230428C00060000,5.7346192255666395,0.165,4.675,60.0,55.38,21,0.2572277120019163,0.2011137922682714
