option_1,option_2,c_p_s+k,mid_call,mid_put,K,spot,days,iv_call,iv_put
EMR230616P00097500,EMR230616C00097500,103.35126226716795,0.375,14.0,97.5,84.005,70,0.23985437762221373,0.31967855059717215
EMR230616P00100000,EMR230616C00100000,100.66796129966029,0.2249999999999999,16.3,100.0,84.005,70,0.240843066369974,0.33420675499640795
EMR230616P00092500,EMR230616C00092500,93.71786420218591,1.025,9.6,92.5,84.005,70,0.243710897387253,0.2907991154931468
EMR230616P00095000,EMR230616C00095000,91.034563234677,0.625,11.65,95.0,84.005,70,0.24074862887889661,0.2947341540526169
EMR230421P00086000,EMR230421C00086000,88.998300959573,1.025,3.75,86.0,84.005,14,0.27337002811085304,0.40203221081815804
