option_1,option_2,c_p_s+k,mid_call,mid_put,K,spot,days,iv_call,iv_put
GD230519P00260000,GD230519C00260000,288.33111010779504,0.175,32.75,260.0,228.86,42,0.19176205232264673,0.3621866330822458
GD230519P00270000,GD230519C00270000,278.9015374196296,0.125,42.55,270.0,228.86,42,0.2266306104880352,0.42214498024733826
