option_1,option_2,c_p_s+k,mid_call,mid_put,K,spot,days,iv_call,iv_put
HD230616P00325000,HD230616C00325000,264.6708742238992,1.815,37.475,325.0,288.975,70,0.22195742453004264,0.2595841659493481
HD230616P00330000,HD230616C00330000,258.80427228888084,1.295,41.85,330.0,288.975,70,0.2207458569245534,0.2622994413771351
HD230616P00320000,HD230616C00320000,256.53747615891655,2.55,33.175,320.0,288.975,70,0.22481011672807738,0.25529729763279513
HD230616P00315000,HD230616C00315000,254.40407809393477,3.5,29.15,315.0,288.975,70,0.22778548430135864,0.2542355678369958
HD230616P00305000,HD230616C00305000,240.13728196396505,6.300000000000001,21.9,305.0,288.975,70,0.23691654886543537,0.2559947227890326
HD230616P00310000,HD230616C00310000,227.270680028953,4.699999999999999,25.125,310.0,288.975,70,0.23094781138695947,0.24866187512341878
HD230519P00340000,HD230519C00340000,219.39452860249986,0.25,51.575,340.0,288.975,42,0.24072070276986632,0.3486921835259804
HD230616P00300000,HD230616C00300000,218.00388389898336,8.2,18.625,300.0,288.975,70,0.24273899019251816,0.25634987654623753
HD230616P00295000,HD230616C00295000,215.87048583400144,10.475,15.925,295.0,288.975,70,0.2498379423854723,0.2626653618582891
