option_1,option_2,c_p_s+k,mid_call,mid_put,K,spot,days,iv_call,iv_put
HON230616P00230000,HON230616C00230000,251.63631098921968,0.1999999999999999,39.0,230.0,191.585,70,0.20927898289682176,0.34717286333690084
HON230616P00220000,HON230616C00220000,224.86951485925317,0.375,29.0,220.0,191.585,70,0.18664736524360218,0.28223501995619593
HON230616P00210000,HON230616C00210000,210.60271872928917,1.325,19.9,210.0,191.585,70,0.1909376721579317,0.2479280258576627
HON230616P00200000,HON230616C00200000,173.8359225993225,3.95,12.25,200.0,191.585,70,0.20518375524732216,0.23560008781523822
