option_1,option_2,c_p_s+k,mid_call,mid_put,K,spot,days,iv_call,iv_put
ITW230616P00250000,ITW230616C00250000,131.6699032491531,2.675,23.65,250,228.025,70,0.2324132779011457,0.24370344371590053
ITW230519P00250000,ITW230519C00250000,101.76068279595327,1.25,22.85,250,228.025,42,0.23292997321823722,0.2562278330971397
