option_1,option_2,c_p_s+k,mid_call,mid_put,K,spot,days,iv_call,iv_put
KO230616P00070000,KO230616C00070000,73.36757290976186,0.115,7.825,70.0,62.375,70,0.16068792876658247,0.23823297912589328
KO230616P00067500,KO230616C00067500,68.55087387727083,0.1649999999999999,5.35,67.5,62.375,70,0.13010625364426257,0.18552746430068268
KO230519P00070000,KO230519C00070000,61.992991182867385,0.02,7.875,70.0,62.375,42,0.1544972904634478,0.2952154245969583
KO230616P00065000,KO230616C00065000,60.23417484477993,0.65,3.2750000000000004,65.0,62.375,70,0.139730813129926,0.16737953215503729
KO230519P00067500,KO230519C00067500,51.10038435490711,0.065,5.325,67.5,62.375,42,0.1373449906082212,0.2168009530613297
