option_1,option_2,c_p_s+k,mid_call,mid_put,K,spot,days,iv_call,iv_put
LLY230616P00430000,LLY230616C00430000,256.97223358853876,1.72,65.4,430.0,364.905,70,0.25808003649288264,0.3150420969713066
LLY230616P00400000,LLY230616C00400000,241.17184519864097,5.725,39.525000000000006,400.0,364.905,70,0.2579546814744956,0.2897297964675076
LLY230616P00410000,LLY230616C00410000,205.43864132860463,4.025,47.375,410.0,364.905,70,0.2603695817891923,0.28929812719814546
LLY230616P00370000,LLY230616C00370000,173.37145680874286,16.325000000000003,19.725,370.0,364.905,70,0.2725760910087139,0.2878634603937003
LLY230616P00390000,LLY230616C00390000,169.40504906867096,8.8,31.975,390.0,364.905,70,0.2690438932414278,0.28509274391642
