option_1,option_2,c_p_s+k,mid_call,mid_put,K,spot,days,iv_call,iv_put
LOW230616P00240000,LOW230616C00240000,236.4031071191846,0.575,41.05,240.0,199.665,70,0.2541646880217115,0.35591681207560877
LOW230616P00230000,LOW230616C00230000,187.13631098921832,1.3250000000000002,31.4,230.0,199.665,70,0.2555131214584272,0.3091572170149221
LOW230519P00230000,LOW230519C00230000,165.61982817227624,0.24,30.950000000000003,230.0,199.665,42,0.22581247762417964,0.3410395430003679
LOW230616P00220000,LOW230616C00220000,150.36951485925164,2.95,22.75,220.0,199.665,70,0.26283350838880065,0.2894412343354426
LOW230519P00220000,LOW230519C00220000,146.54940086043737,0.8500000000000001,21.424999999999997,220.0,199.665,42,0.22394282995773745,0.28708398228084187
LOW230519P00240000,LOW230519C00240000,139.19025548411383,0.11,40.5,240.0,199.665,42,0.24840709884358445,0.37870865327627634
LOW230428P00220000,LOW230428C00220000,132.36027049374144,0.08,21.125,220.0,199.665,21,0.19566337408172887,0.35234425392056057
