option_1,option_2,c_p_s+k,mid_call,mid_put,K,spot,days,iv_call,iv_put
MDLZ230519P00075000,MDLZ230519C00075000,52.27820483878585,0.275,5.0,75.0,70.38,42,0.16121754871490213,0.21706842890189465
MDLZ230616P00075000,MDLZ230616C00075000,50.00097097474479,0.575,5.0,75.0,70.38,70,0.15898976357649003,0.18215760389174643
MDLZ230512P00074000,MDLZ230512C00074000,42.36694886834127,0.35,4.05,74.0,70.38,35,0.16399889958956448,0.20828336611931902
MDLZ230512P00073000,MDLZ230512C00073000,41.902530640390665,0.6,3.3,73.0,70.38,35,0.17022113851508064,0.20717086223253273
