option_1,option_2,c_p_s+k,mid_call,mid_put,K,spot,days,iv_call,iv_put
MSFT230616P00330000,MSFT230616C00330000,304.3042722888806,1.65,45.224999999999994,330.0,286.41,70,0.24296783293024166,0.3273976730335785
MSFT230616P00320000,MSFT230616C00320000,259.537476158917,2.93,36.15,320.0,286.41,70,0.24469936480632756,0.30219735283263893
MSFT230616P00315000,MSFT230616C00315000,242.90407809393528,3.9,32.0,315.0,286.41,70,0.24753105420136876,0.29575410048087686
MSFT230526P00300000,MSFT230526C00300000,223.37431234012683,5.95,19.825,300.0,286.41,49,0.25399624616527017,0.3016445301740851
MSFT230616P00305000,MSFT230616C00305000,216.13728196396556,6.45,24.375,305.0,286.41,70,0.2513853922533709,0.28735803672382293
MSFT230616P00310000,MSFT230616C00310000,213.2706800289533,5.025,27.875,310.0,286.41,70,0.24874671835692472,0.28657455622661626
MSFT230616P00325000,MSFT230616C00325000,213.17087422389847,2.215,39.925,325.0,286.41,70,0.24387255283325818,0.2946715292702528
MSFT230616P00300000,MSFT230616C00300000,206.50388389898353,8.2,21.075,300.0,286.41,70,0.2552406657440184,0.28754754826807477
