option_1,option_2,c_p_s+k,mid_call,mid_put,K,spot,days,iv_call,iv_put
NEM230616P00060000,NEM230616C00060000,46.600776779796504,0.755,9.525,60.0,51.14,70,0.364172814597819,0.37675877702385646
NEM230616P00055000,NEM230616C00055000,39.467378714813165,1.78,5.525,55.0,51.14,70,0.3592324153030987,0.3597753345025374
NEM230616P00057500,NEM230616C00057500,38.28407774730485,1.165,7.375,57.5,51.14,70,0.3605985213270971,0.35958878735177807
NEM230616P00052500,NEM230616C00052500,33.15067968232213,2.6950000000000003,3.9,52.5,51.14,70,0.364197897778287,0.35761118696911653
NEM230519P00060000,NEM230519C00060000,13.922563871028615,0.41,9.075,60.0,51.14,42,0.38780344574216274,0.3602845908839522
NEM230519P00057500,NEM230519C00057500,11.02995704306915,0.7,6.85,57.5,51.14,42,0.3783221160780233,0.35219907796122846
NEM230428P00060000,NEM230428C00060000,7.734619225566419,0.13,8.9,60.0,51.14,21,0.41371352534191097,0.38420871641243975
