option_1,option_2,c_p_s+k,mid_call,mid_put,K,spot,days,iv_call,iv_put
RTX230616P00115000,RTX230616C00115000,103.06815549460993,0.15,16.6,115,98.515,70,0.194929435985183,0.28524152858503626
RTX230616P00110000,RTX230616C00110000,84.4347574296263,0.4399999999999999,11.75,110,98.515,70,0.1909159895097848,0.23483066980904407
RTX230616P00105000,RTX230616C00105000,67.30135936464423,1.29,7.475,105,98.515,70,0.19593702388845793,0.2135241978122702
RTX230616P00100000,RTX230616C00100000,59.16796129966082,3.2,4.35,100,98.515,70,0.2116156783031516,0.22155662631901604
RTX230519P00110000,RTX230519C00110000,52.27470043021949,0.155,11.55,110,98.515,42,0.19458757659399795,0.24737460891575033
RTX230519P00100000,RTX230519C00100000,31.204273118381387,2.385,3.625,100,98.515,42,0.21813104964229074,0.22261374831718658
RTX230519P00105000,RTX230519C00105000,27.489486774300342,0.675,6.85,105,98.515,42,0.19633685670351458,0.19877544905480496
RTX230421P00094000,RTX230421C00094000,25.513484997676183,5.225,0.28,94,98.515,14,0.2903585600572636,0.21915017575431875
RTX230428P00094000,RTX230428C00094000,24.282429879946577,5.725,0.7050000000000001,94,98.515,21,0.3034873624357303,0.2515734915762025
