option_1,option_2,c_p_s+k,mid_call,mid_put,K,spot,days,iv_call,iv_put
TMO230616P00640000,TMO230616C00640000,510.0749523178223,3.95,74.3,640.0,568.8199999999999,70,0.22245603776558162,0.2957232400348907
TMO230616P00630000,TMO230616C00630000,420.80815618785863,5.45,65.0,630.0,568.8199999999999,70,0.22410283263921402,0.2784416894209386
TMO230616P00620000,TMO230616C00620000,381.5413600578943,7.35,56.599999999999994,620.0,568.8199999999999,70,0.22548783499151584,0.2699085934559256
TMO230616P00610000,TMO230616C00610000,332.27456392791976,10.15,49.0,610.0,568.8199999999999,70,0.23175617773414542,0.26680789890963785
