option_1,option_2,c_p_s+k,mid_call,mid_put,K,spot,days,iv_call,iv_put
V230616P00270000,V230616C00270000,305.7034955090842,0.2,45.3,270.0,225.455,70,0.1988907490707029,0.3680794632706142
V230616P00265000,V230616C00265000,290.07009744410226,0.31,40.3,265.0,225.455,70,0.19527910777740992,0.3401068844361016
V230616P00260000,V230616C00260000,265.4366993791207,0.485,35.275,260.0,225.455,70,0.1920755139357099,0.3101044265548701
V230616P00250000,V230616C00250000,188.16990324915395,1.29,25.4,250.0,225.455,70,0.19161643132776413,0.2525239399056036
V230616P00245000,V230616C00245000,173.03650518416907,2.12,21.125,245.0,225.455,70,0.19530828575087228,0.24200255966117895
V230616P00240000,V230616C00240000,162.90310711918696,3.35,17.299999999999997,240.0,225.455,70,0.20051931313016744,0.2383268529164046
