option_1,option_2,c_p_s+k,mid_call,mid_put,K,spot,days,iv_call,iv_put
VICI230519P00035000,VICI230519C00035000,16.99649559143337,0.2,2.75,35.0,32.425,42,0.21857768044976933,0.21667508254827644
