option_1,option_2,c_p_s+k,mid_call,mid_put,K,spot,days,iv_call,iv_put
WMT230616P00170000,WMT230616C00170000,188.03553420942512,0.27,20.275,170.0,150.3,70,0.16555906549051208,0.2748007543419184
WMT230616P00165000,WMT230616C00165000,163.4021361444404,0.645,15.45,165.0,150.3,70,0.16491052874546175,0.2363496223054055
WMT230616P00160000,WMT230616C00160000,140.76873807945844,1.475,11.1,160.0,150.3,70,0.16786684121597475,0.21294977894995934
WMT230519P00170000,WMT230519C00170000,140.6972643012498,0.1149999999999999,20.275,170.0,150.3,42,0.18508997924682621,0.32402543239883136
WMT230519P00165000,WMT230519C00165000,130.41205064532946,0.29,15.375,165.0,150.3,42,0.176857781883323,0.2743724200710708
