option_1,option_2,c_p_s+k,mid_call,mid_put,K,spot,days,iv_call,iv_put
XLF230616P00038000,XLF230616C00038000,37.213825293870514,0.025,6.05,38.0,31.994999999999997,70,0.1891626169370589,0.3193855545372185
XLF230616P00037000,XLF230616C00037000,33.28714568087419,0.055,5.05,37.0,31.994999999999997,70,0.18873131312650165,0.28091319498722384
XLF230519P00037000,XLF230519C00037000,22.61058105380096,0.025,5.05,37.0,31.994999999999997,42,0.21417588339234378,0.32606589422707094
XLF230519P00036000,XLF230519C00036000,20.053538322617204,0.045,4.05,36.0,31.994999999999997,42,0.2001868638997475,0.2779934742156489
XLF230616P00035000,XLF230616C00035000,16.93378645488064,0.25,3.0999999999999996,35.0,31.994999999999997,70,0.19532690718347015,0.21042090478672398
XLF230428P00026000,XLF230428C00026000,15.748331668921445,6.25,0.025,26.0,31.994999999999997,21,0.6712404891620649,0.4316704511067986
XLF230505P00035500,XLF230505C00035500,14.695614515849487,0.03,3.55,35.5,31.994999999999997,28,0.20628813101213944,0.28782398541076676
