option_1,option_2,c_p_s+k,mid_call,mid_put,K,spot,days,iv_call,iv_put
XLP230616P00083000,XLP230616C00083000,90.9144078787186,0.04,8.25,83.0,74.93,70,0.1143021271142999,0.21857256718089707
XLP230616P00080000,XLP230616C00080000,68.63436903972939,0.185,5.2,80.0,74.93,70,0.10940282398964932,0.1547057813963441
XLP230616P00081000,XLP230616C00081000,59.06104865272566,0.315,6.225,81.0,74.93,70,0.14544958127012678,0.17752064954820487
XLP230616P00079000,XLP230616C00079000,54.20768942673293,0.345,4.225,79.0,74.93,70,0.11366926713703915,0.13639118620586269
XLP230616P00082000,XLP230616C00082000,48.48772826572212,0.38,7.175,82.0,74.93,70,0.17125353874929813,0.1908278336115489
